{"cameraMode":{"drawMode":0,"name":"Shaded","section":"Shading Mode"},"sceneLighting":true,"audioPlay":false,"sceneViewState":{"showFog":true,"showMaterialUpdate":false,"showSkybox":true,"showFlares":true,"showImageEffects":true,"showParticleSystems":true},"in2DMode":false,"pivot":{"x":1152.57958984375,"y":377.9182434082031,"z":-274.02239990234377},"rotation":{"x":-0.004472506698220968,"y":-0.11047661304473877,"z":0.0004971788148395717,"w":-0.9938704371452332},"size":346.4732971191406,"orthographic":false}