{"cameraMode":{"drawMode":0,"name":"Shaded","section":"Shading Mode"},"sceneLighting":true,"audioPlay":false,"sceneViewState":{"showFog":true,"showMaterialUpdate":false,"showSkybox":true,"showFlares":true,"showImageEffects":true,"showParticleSystems":true},"in2DMode":false,"pivot":{"x":-3.8151166439056398,"y":-0.4002068042755127,"z":1.594078779220581},"rotation":{"x":0.1883682757616043,"y":-0.6546672582626343,"z":0.17338281869888307,"w":0.7112454771995544},"size":3.86602520942688,"orthographic":false}